,UT,0,1,2,3
0,2-S2.0-85109857856,0.6003431677818298,0.10520243644714355,0.18071119487285614,0.07197082042694092
1,2-S2.0-85059300434,0.34295859932899475,0.09975078701972961,0.16153296828269958,0.07008972018957138
2,2-S2.0-85061056232,0.999184787273407,0.0002497004752513021,0.000391587323974818,0.00017393376037944108
3,2-S2.0-85109820553,1.9529041905231737e-39,3.579740241382606e-39,3.132469593644018e-39,1.0
4,2-S2.0-85118988974,0.4119504690170288,0.11118581891059875,0.17491328716278076,0.07514867931604385
5,2-S2.0-85074131523,0.8557015657424927,0.04445686563849449,0.06865917891263962,0.031182434409856796
6,2-S2.0-85105500726,0.5283960700035095,0.07985906302928925,0.11675475537776947,0.05952483415603638
7,2-S2.0-85048868415,0.8282439112663269,0.052263062447309494,0.08313536643981934,0.03635765239596367
8,2-S2.0-85114997041,2.5341319649588927e-39,1.0,4.4391201557929437e-39,3.223234497775265e-39
9,2-S2.0-85085310993,0.18673723936080933,0.11513002216815948,0.2243403047323227,0.08620686084032059
10,2-S2.0-85091665759,0.4719163775444031,0.11854791641235352,0.1936078518629074,0.08048541843891144
11,2-S2.0-85057624886,0.6421274542808533,0.1036052331328392,0.17690353095531464,0.0694042295217514
12,2-S2.0-46549086973,0.37511488795280457,0.07959027588367462,0.12820632755756378,0.06560838967561722
13,2-S2.0-85087340759,0.7932297587394714,0.06175806000828743,0.10091167688369751,0.044100575149059296
14,2-S2.0-85087315155,0.7324473857879639,0.07850980758666992,0.13414180278778076,0.05490095540881157
15,2-S2.0-85104767501,0.600900411605835,0.08694327622652054,0.18752127885818481,0.05954011529684067
16,2-S2.0-84992743798,1.0,2.263482376962269e-39,3.588096184125375e-39,1.5445321868557782e-39
17,2-S2.0-85122418678,0.05279967561364174,0.3910358250141144,0.07811059802770615,0.08211801201105118
18,2-S2.0-84949671178,0.5652210712432861,0.09095975011587143,0.16186636686325073,0.07104885578155518
19,2-S2.0-85101243762,0.029610516503453255,0.8684526681900024,0.05199380964040756,0.03800026327371597
20,2-S2.0-85095578098,0.11969710886478424,0.13017399609088898,0.14737242460250854,0.06658124923706055
21,2-S2.0-85099122496,0.4746459722518921,0.08550450205802917,0.18836155533790588,0.06390286237001419
22,2-S2.0-85102183109,0.00021153464331291616,0.00038775952998548746,0.00032347525120712817,0.9990772604942322
23,2-S2.0-85109153903,1.0,2.6346190778356253e-39,5.332546017692517e-39,1.8551748330242323e-39
24,2-S2.0-85098228582,2.4662110283930688e-39,1.0,4.3530061612647907e-39,3.255573663734953e-39
25,2-S2.0-85021367604,0.7358077764511108,0.06661482155323029,0.1024802103638649,0.049644649028778076
26,2-S2.0-85092288947,4.888494152526483e-39,4.203194743742289e-39,1.0,3.097868731962909e-39
27,2-S2.0-85095859720,0.28410232067108154,0.08709853142499924,0.17636381089687347,0.05770649388432503
28,2-S2.0-85046679338,0.8212223649024963,0.0530056469142437,0.09003656357526779,0.03573542460799217
29,2-S2.0-85101209423,0.03824654594063759,0.07756877690553665,0.06453053653240204,0.6942195296287537
30,2-S2.0-85085169156,0.07145564258098602,0.4188491106033325,0.11362343281507492,0.08194944262504578
31,2-S2.0-85117386857,0.8289869427680969,0.04597366973757744,0.09285708516836166,0.032182350754737854
32,2-S2.0-85016521090,0.10386252403259277,0.10298476368188858,0.5962147116661072,0.0797254741191864
33,2-S2.0-84901920391,0.29776129126548767,0.07434574514627457,0.11746624112129211,0.06263682246208191
34,2-S2.0-37549048014,0.3736913502216339,0.07955048978328705,0.12223128974437714,0.0657750815153122
35,2-S2.0-85077749663,0.10417250543832779,0.10804162174463272,0.46787387132644653,0.08623463660478592
36,2-S2.0-85075523713,1.0,2.310463710575687e-39,3.642672555415433e-39,1.592452390440294e-39
37,2-S2.0-85054129184,0.1053382083773613,0.10510680079460144,0.6040951013565063,0.0806233137845993
38,2-S2.0-85127325455,0.05801419913768768,0.602249264717102,0.09049927443265915,0.07954385876655579
39,2-S2.0-85037349187,0.1051097884774208,0.11219071596860886,0.2984178364276886,0.09750940650701523
40,2-S2.0-85124489471,5.552740453182662e-39,4.412594977161739e-39,1.0,2.867010415159253e-39
41,2-S2.0-85055091267,0.3424486219882965,0.08845854550600052,0.15441352128982544,0.05867888033390045
42,2-S2.0-85032867605,0.6933260560035706,0.09172506630420685,0.15262243151664734,0.062326449900865555
43,2-S2.0-85054128230,0.49797147512435913,0.10006539523601532,0.18560628592967987,0.06526239961385727
44,2-S2.0-85074275633,0.7281346917152405,0.07533007860183716,0.1408354640007019,0.05569978803396225
45,2-S2.0-85000416374,0.5990085005760193,0.10258903354406357,0.17560255527496338,0.06990571320056915
46,2-S2.0-0036015963,0.7141414284706116,0.08295469731092453,0.1445206105709076,0.05838332325220108
47,2-S2.0-85124874130,0.11512017250061035,0.12086505442857742,0.1939266324043274,0.12053905427455902
48,2-S2.0-85098961436,0.07238692790269852,0.4462735950946808,0.13307900726795197,0.13973647356033325
49,2-S2.0-85081951457,0.6616554856300354,0.1006542295217514,0.1703173965215683,0.0673728957772255
50,2-S2.0-85047273605,1.0,2.343233075163923e-39,3.8783443324440454e-39,1.603582904142426e-39
51,2-S2.0-85052453166,1.0,2.5940542898903505e-39,4.818539931888924e-39,1.8317451227007214e-39
52,2-S2.0-85083297855,0.06903839111328125,0.12446542084217072,0.11095836758613586,0.10780496150255203
53,2-S2.0-85093678965,0.7612435221672058,0.06188638508319855,0.12400464713573456,0.04261861741542816
54,2-S2.0-84875870291,0.9992254376411438,0.00022110358986537904,0.00039310709689743817,0.00016027835954446346
55,2-S2.0-85076840175,0.8669472932815552,0.039061859250068665,0.06519506126642227,0.028795747086405754
56,2-S2.0-85086174673,0.9991360306739807,0.00026227423222735524,0.0004194637876935303,0.00018233478476759046
57,2-S2.0-73749084719,0.2794061303138733,0.07681203633546829,0.1261902153491974,0.05327313393354416
58,2-S2.0-84962023178,0.09726663678884506,0.09686600416898727,0.1552150994539261,0.09906134754419327
59,2-S2.0-85020501942,0.9991568326950073,0.0002573705278337002,0.0004081003717146814,0.00017771916463971138
60,2-S2.0-29344459864,0.17925867438316345,0.17132242023944855,0.3576095700263977,0.14840468764305115
61,2-S2.0-34247393656,0.6639819145202637,0.08833152055740356,0.14414076507091522,0.06255736202001572
62,2-S2.0-85105261313,0.10652080923318863,0.08085080236196518,0.4160107672214508,0.055683739483356476
63,2-S2.0-85113910474,1.0,2.3482090860107403e-39,3.7577177580380365e-39,1.5908759296679286e-39
64,2-S2.0-85100569054,0.8231422305107117,0.05275890976190567,0.08762933313846588,0.036469463258981705
65,2-S2.0-85053247101,4.706686887168053e-39,5.106693139003429e-39,1.0,3.216583935263579e-39
66,2-S2.0-85021379046,0.8834349513053894,0.03484547510743141,0.05787796154618263,0.023841645568609238
67,2-S2.0-85087573664,0.08498023450374603,0.07492044568061829,0.6702295541763306,0.04687457159161568
68,2-S2.0-85119199197,0.1063094288110733,0.3445068597793579,0.18420767784118652,0.15343895554542542
69,2-S2.0-85112228800,0.07745779305696487,0.08517777919769287,0.4609481394290924,0.04884478449821472
70,2-S2.0-85059660978,1.863089366750739e-39,3.855344820749082e-39,2.968680223939876e-39,1.0
71,2-S2.0-85031744827,0.3354916572570801,0.12115266174077988,0.22240570187568665,0.08796923607587814
72,2-S2.0-85050549092,0.9992135763168335,0.00022352629457600415,0.00040613714372739196,0.00015677821647841483
73,2-S2.0-84978010449,0.7916954159736633,0.06260599941015244,0.09820392727851868,0.047494612634181976
74,2-S2.0-84879510427,0.6235232353210449,0.08455218374729156,0.1484072208404541,0.06616835296154022
75,2-S2.0-85023779090,1.0,2.299752185114388e-39,3.6213868317423394e-39,1.5868850316415315e-39
76,2-S2.0-85089816705,0.000200188864255324,0.9991485476493835,0.00034160082577727735,0.0003097086155321449
77,2-S2.0-85053084190,0.9991545081138611,0.0002566412731539458,0.0004102766397409141,0.0001785503700375557
78,2-S2.0-85061057935,1.0,2.3691767149324325e-39,4.027809629245859e-39,1.6228507580268923e-39
79,2-S2.0-85129242547,0.7424994111061096,0.05505552887916565,0.10246840119361877,0.04057521000504494
80,2-S2.0-85116425396,1.7489956457854123e-39,3.218579384276778e-39,2.6626996977622304e-39,1.0
81,2-S2.0-84920160839,0.27957943081855774,0.08225787431001663,0.12911972403526306,0.06757353246212006
82,2-S2.0-85066428467,1.0,2.1905728178634487e-39,3.4355045904496524e-39,1.5156107878505783e-39
83,2-S2.0-85081272003,0.1532236486673355,0.14889097213745117,0.4420107305049896,0.0894833505153656
84,2-S2.0-85096635591,0.6723762154579163,0.08861078321933746,0.14931324124336243,0.06716588884592056
85,2-S2.0-85100546074,0.19662903249263763,0.1743621528148651,0.33826038241386414,0.1517324149608612
86,2-S2.0-85108562674,0.00020560646953526884,0.9991357326507568,0.0003557502350304276,0.00030283155501820147
87,2-S2.0-85082177613,4.7066294339310156e-39,4.105183725252018e-39,1.0,2.9356628295234544e-39
88,2-S2.0-85019118926,0.2194538414478302,0.11342576146125793,0.2003970444202423,0.08192836493253708
89,2-S2.0-85106218004,0.5329654216766357,0.08415034413337708,0.13464957475662231,0.06069949269294739
90,2-S2.0-84945571208,0.14958003163337708,0.1301453560590744,0.27499330043792725,0.1081923246383667
91,2-S2.0-85090961291,1.0,2.639177501740074e-39,4.960141141708947e-39,1.84663952407803e-39
92,2-S2.0-84862779118,0.9991593956947327,0.00025585037656128407,0.0004059011407662183,0.00017878929793369025
93,2-S2.0-85100864122,0.09450790286064148,0.2944144606590271,0.1761316955089569,0.18739478290081024
94,2-S2.0-76549087323,0.720051646232605,0.07777182757854462,0.14676836133003235,0.05539439246058464
95,2-S2.0-85102291030,0.999188244342804,0.0002252830017823726,0.00042754432070069015,0.00015899853315204382
96,2-S2.0-85092943424,1.0,2.6372437098593057e-39,4.700596844042097e-39,1.8876877599934968e-39
97,2-S2.0-85124046364,0.04162878170609474,0.5962035655975342,0.06417685002088547,0.06321899592876434
98,2-S2.0-85041138632,0.3665984272956848,0.06857166439294815,0.12811115384101868,0.05387231707572937
99,2-S2.0-85045470094,0.9991484880447388,0.0002586031623650342,0.00041393432184122503,0.000178935268195346
100,2-S2.0-84893124112,0.790306031703949,0.06246459111571312,0.10479093343019485,0.04243838042020798
101,2-S2.0-84894610601,0.6216031908988953,0.08632845431566238,0.14424166083335876,0.06888141483068466
102,2-S2.0-85030318485,0.4367489516735077,0.10232548415660858,0.1947859227657318,0.06612517684698105
103,2-S2.0-85119344211,0.48568177223205566,0.11242516338825226,0.194858580827713,0.08000516146421432
104,2-S2.0-85079735180,1.0,2.5783513392991266e-39,5.090526358620514e-39,1.8235965721306726e-39
105,2-S2.0-85059282088,0.3066008985042572,0.08359400928020477,0.1728849858045578,0.05619899556040764
106,2-S2.0-85085004003,0.060336899012327194,0.20302703976631165,0.10453155636787415,0.17138364911079407
107,2-S2.0-39449121370,0.5213099718093872,0.08953121304512024,0.13617773354053497,0.07212726771831512
108,2-S2.0-85073750963,0.40438756346702576,0.11414611339569092,0.21047934889793396,0.07702873647212982
109,2-S2.0-85065441088,1.0,2.1566403755498232e-39,3.389338812542471e-39,1.5146761217748737e-39
110,2-S2.0-79953684264,0.2841200828552246,0.155863419175148,0.2540545165538788,0.10034870356321335
111,2-S2.0-85119042535,0.781568706035614,0.06292291730642319,0.09628356993198395,0.04697934538125992
112,2-S2.0-85107749159,5.267160030048657e-39,4.628484623769478e-39,1.0,2.978384215805325e-39
113,2-S2.0-85093662343,0.6638364791870117,0.08195703476667404,0.14618456363677979,0.05971821770071983
114,2-S2.0-55549101557,0.4942587614059448,0.08562018722295761,0.17891262471675873,0.06390181928873062
115,2-S2.0-85086115750,0.11012125015258789,0.10722819715738297,0.17534278333187103,0.1070655882358551
116,2-S2.0-85102234795,1.0,2.4582012063709882e-39,4.468460543038977e-39,1.741651440533886e-39
117,2-S2.0-85084254126,1.0,2.31467040856559e-39,3.694376264853626e-39,1.5878547301788443e-39
118,2-S2.0-85008716342,0.2365519255399704,0.11316344141960144,0.21800602972507477,0.08409492671489716
119,2-S2.0-85086466384,1.0,2.668276865650243e-39,5.192226995967352e-39,1.8558404497947866e-39
120,2-S2.0-85111098048,0.07678453624248505,0.07518180459737778,0.4467957019805908,0.04564148560166359
121,2-S2.0-84958532071,0.778831958770752,0.06670470535755157,0.10808657854795456,0.04637682065367699
122,2-S2.0-85099577908,1.0,2.6338203377109602e-39,5.237732762297836e-39,1.8519042024084982e-39
123,2-S2.0-85082425827,0.8099871873855591,0.05329733341932297,0.09848752617835999,0.03822791576385498
124,2-S2.0-85089785597,1.0,2.1243684719164227e-39,3.298578112306617e-39,1.4753346673889545e-39
125,2-S2.0-85111595849,0.8362941741943359,0.05061536282300949,0.07782279700040817,0.035267673432826996
126,2-S2.0-84905176765,0.11438145488500595,0.10969219356775284,0.18056172132492065,0.10764963924884796
127,2-S2.0-85008423015,0.4055357575416565,0.09790275245904922,0.19170856475830078,0.06387674063444138
128,2-S2.0-80051881731,0.6326124668121338,0.073966383934021,0.12238610535860062,0.053074344992637634
129,2-S2.0-85103199712,0.15029773116111755,0.16338253021240234,0.30612698197364807,0.14560237526893616
130,2-S2.0-85014748360,0.8430060148239136,0.047945063561201096,0.07584087550640106,0.03320804238319397
131,2-S2.0-85075164546,1.0,2.6390948251306788e-39,4.656832891702769e-39,1.8818891869481207e-39
132,2-S2.0-85125521340,0.7890227437019348,0.048218339681625366,0.0853366106748581,0.033792026340961456
133,2-S2.0-85073830415,0.6966155767440796,0.08532613515853882,0.13705794513225555,0.0633554458618164
134,2-S2.0-85046146190,0.10273616015911102,0.0999496802687645,0.16081023216247559,0.09855137020349503
135,2-S2.0-85071112720,0.6088975667953491,0.10332423448562622,0.16923804581165314,0.0704883560538292
136,2-S2.0-85102488147,0.7605440020561218,0.062089212238788605,0.1326160430908203,0.04475070908665657
137,2-S2.0-85061824926,0.09973358362913132,0.09928599745035172,0.15719269216060638,0.10202709585428238
138,2-S2.0-84861411036,0.4920700192451477,0.08791662752628326,0.13791629672050476,0.0712844505906105
139,2-S2.0-85112368929,0.00035904269316233695,0.00023951134062372148,0.9992334246635437,0.00016807272913865745
140,2-S2.0-0141792319,0.6621655225753784,0.07128845155239105,0.12043076753616333,0.04987489804625511
141,2-S2.0-85021832314,0.26924872398376465,0.11602829396724701,0.1656639724969864,0.07548899948596954
142,2-S2.0-85061571072,0.9211110472679138,0.024087702855467796,0.03799351677298546,0.0168076753616333
143,2-S2.0-70350569977,0.29296573996543884,0.09171588718891144,0.18300704658031464,0.06843065470457077
144,2-S2.0-85029915428,0.5294476747512817,0.07997219264507294,0.1191338524222374,0.056601181626319885
145,2-S2.0-84983466863,0.398796409368515,0.0996546596288681,0.19452469050884247,0.0646948367357254
146,2-S2.0-85089033499,1.0,2.362660677073322e-39,3.6731998424607495e-39,1.6103834055897944e-39
147,2-S2.0-85041114879,0.6810187101364136,0.06907922029495239,0.1117178350687027,0.04941697046160698
148,2-S2.0-85087989037,2.435620682916858e-39,1.0,4.0184111204456325e-39,3.696947647535662e-39
149,2-S2.0-85100173406,0.6686630845069885,0.06170497089624405,0.1528809815645218,0.04488399624824524
150,2-S2.0-85085499336,0.999020516872406,0.0002799762587528676,0.0004988234140910208,0.00020065098942723125
151,2-S2.0-85087930775,0.04803159087896347,0.7141863107681274,0.0807555764913559,0.05828765779733658
152,2-S2.0-84930227358,0.09832959622144699,0.09573514014482498,0.1556680053472519,0.09635697305202484
153,2-S2.0-84973879082,0.5803232192993164,0.08065208047628403,0.12139050662517548,0.06319896876811981
154,2-S2.0-85049108579,1.0,2.2204134686612456e-39,3.401169975476766e-39,1.5304141048277057e-39
155,2-S2.0-84983294255,1.0,2.6862681366337095e-39,5.902697929066213e-39,1.97785851357587e-39
156,2-S2.0-85102283792,0.06972160935401917,0.3074062168598175,0.11056917160749435,0.08741627633571625
157,2-S2.0-85089572287,1.0,2.6453922604293545e-39,4.903755694101445e-39,1.863215483612528e-39
158,2-S2.0-34548295463,0.6898865699768066,0.073996402323246,0.13170869648456573,0.05458724498748779
159,2-S2.0-85107793124,0.17055945098400116,0.07999275624752045,0.29483070969581604,0.0508233942091465
160,2-S2.0-84939873800,0.6728746294975281,0.06942442059516907,0.10936900973320007,0.05075440928339958
161,2-S2.0-84989233300,0.16628938913345337,0.11155441403388977,0.21737544238567352,0.08928743004798889
162,2-S2.0-85129536903,0.5791001915931702,0.07977496087551117,0.11569713801145554,0.0586421862244606
163,2-S2.0-85062150503,0.8181861042976379,0.05510900169610977,0.0882837250828743,0.03842119127511978
164,2-S2.0-85099754398,0.915989100933075,0.023919379338622093,0.04227748513221741,0.017814021557569504
165,2-S2.0-85106049668,0.12462747097015381,0.1322222352027893,0.24249251186847687,0.12741254270076752
166,2-S2.0-85113370960,2.506808046203023e-39,1.0,4.194816380224091e-39,3.231587637921105e-39
167,2-S2.0-85089588922,0.09515272825956345,0.09729529917240143,0.3729357123374939,0.0818839967250824
168,2-S2.0-84926374987,0.5709660053253174,0.11592421680688858,0.20684248208999634,0.07736466825008392
169,2-S2.0-85084072423,0.999229371547699,0.00022095345775596797,0.0003923932381439954,0.00015728746075183153
170,2-S2.0-85087119792,0.5732680559158325,0.09595419466495514,0.17397107183933258,0.0656978189945221
171,2-S2.0-85114451503,0.6725959777832031,0.08759143948554993,0.15668432414531708,0.05877259373664856
172,2-S2.0-84876576538,0.5202315449714661,0.09125496447086334,0.19496163725852966,0.06652256846427917
173,2-S2.0-67349228395,0.6955259442329407,0.08285477757453918,0.1309308260679245,0.064980648458004
174,2-S2.0-85077359078,0.03119416907429695,0.8132684826850891,0.05088880658149719,0.04976464435458183
175,2-S2.0-85074292627,0.7989695072174072,0.058639105409383774,0.10032128542661667,0.042070094496011734
176,2-S2.0-85050692483,0.6876867413520813,0.09226138889789581,0.15804165601730347,0.062010180205106735
177,2-S2.0-0141569062,0.27285099029541016,0.08087463676929474,0.22120192646980286,0.05498255044221878
178,2-S2.0-85086576915,1.0,2.6251533067091112e-39,4.829868028674526e-39,1.874452495997949e-39
179,2-S2.0-85084045565,1.0,2.2109687170116964e-39,3.530565875672519e-39,1.5337940367236572e-39
180,2-S2.0-85041192774,1.0,2.2586366868726337e-39,3.498268748666761e-39,1.5542053501550125e-39
181,2-S2.0-85123205415,0.2834015190601349,0.09946494549512863,0.16279637813568115,0.06885319203138351
182,2-S2.0-85056093548,0.0003151668352074921,0.0002433019399177283,0.9992783665657043,0.00016312740626744926
183,2-S2.0-84883437456,0.3867192268371582,0.12606434524059296,0.22391127049922943,0.08844969421625137
184,2-S2.0-84930477920,0.3017077147960663,0.07549947500228882,0.1537175476551056,0.06236334145069122
185,2-S2.0-33746619662,0.10707920789718628,0.09021862596273422,0.13823620975017548,0.0845734179019928
186,2-S2.0-85092514399,0.3771038353443146,0.08984285593032837,0.1234792172908783,0.06373539566993713
187,2-S2.0-85067027789,0.1046883687376976,0.10276097804307938,0.16489164531230927,0.10442741960287094
188,2-S2.0-85082126398,0.6491835713386536,0.0799679309129715,0.16006101667881012,0.058987490832805634
189,2-S2.0-85014638396,0.32943764328956604,0.14365477859973907,0.2590528130531311,0.0992821678519249
190,2-S2.0-85068086741,0.0002100364799844101,0.0003968699602410197,0.00032476408523507416,0.9990683197975159
191,2-S2.0-85039044300,0.1023915559053421,0.10033079236745834,0.16044025123119354,0.09932953119277954
192,2-S2.0-84928723624,0.12129565328359604,0.13352032005786896,0.23270905017852783,0.13283206522464752
193,2-S2.0-85052611628,0.9991037845611572,0.00026977184461429715,0.00044109963346272707,0.00018541373719926924
194,2-S2.0-85099777019,0.16444756090641022,0.17227114737033844,0.3678078055381775,0.15773789584636688
195,2-S2.0-84876430267,0.69798344373703,0.08798208087682724,0.1546115130186081,0.0594230592250824
196,2-S2.0-85068110130,5.7021496980459024e-39,4.2732932981216735e-39,1.0,3.095567799884488e-39
197,2-S2.0-84941254409,4.794750087860082e-39,4.36946581302675e-39,1.0,2.7597550306998315e-39
198,2-S2.0-80255137425,0.3614684045314789,0.07873610407114029,0.12550073862075806,0.06504177302122116
199,2-S2.0-85085142716,0.2742675542831421,0.09276902675628662,0.15169203281402588,0.06572231650352478
200,2-S2.0-85053147885,0.7516335248947144,0.07343550771474838,0.1200203225016594,0.054910626262426376
201,2-S2.0-85097513119,0.775731086730957,0.050084274262189865,0.07790074497461319,0.037149421870708466
202,2-S2.0-85075417445,0.8554609417915344,0.04450767859816551,0.06942307204008102,0.030608322471380234
203,2-S2.0-85115102396,1.0,2.6906485956331888e-39,5.3794853123520057e-39,1.8821133947024126e-39
204,2-S2.0-85101371675,0.7767557501792908,0.06602856516838074,0.10798949748277664,0.04922615364193916
205,2-S2.0-85048439813,1.0,2.2279146193407764e-39,3.611618380147531e-39,1.5465094189889406e-39
206,2-S2.0-85107130013,0.25931060314178467,0.07353485375642776,0.13899993896484375,0.05812523141503334
207,2-S2.0-0002879461,0.6234037280082703,0.0798587054014206,0.13134683668613434,0.05631116405129433
208,2-S2.0-85117187031,5.27032976717496e-39,4.602484932062395e-39,1.0,2.987792533694802e-39
209,2-S2.0-85012913580,0.14541976153850555,0.1331671178340912,0.23287317156791687,0.12425484508275986
210,2-S2.0-85101814537,0.39229026436805725,0.06863825768232346,0.1289072185754776,0.05371338129043579
211,2-S2.0-85056835782,0.21203301846981049,0.08281304687261581,0.2267632931470871,0.06391651928424835
212,2-S2.0-85094865789,1.0,2.1762263241856912e-39,3.5293537525008783e-39,1.5135018336617695e-39
213,2-S2.0-85045110216,6.218842073005606e-39,4.282648366669506e-39,1.0,2.7888235660437855e-39
214,2-S2.0-81455128800,0.3513595461845398,0.12297903001308441,0.22748735547065735,0.08871542662382126
215,2-S2.0-77957975526,0.9992664456367493,0.00020988192409276962,0.00036828246084041893,0.0001554160116938874
216,2-S2.0-85139218895,0.5128031373023987,0.09296001493930817,0.14510056376457214,0.06842776387929916
217,2-S2.0-85071105616,0.2611927390098572,0.11145415157079697,0.20489661395549774,0.08369822800159454
218,2-S2.0-85116678072,1.0,2.174366801123532e-39,3.4029986699727096e-39,1.5105198705296863e-39
219,2-S2.0-85083463156,0.10067493468523026,0.2877407968044281,0.19355276226997375,0.1858661025762558
220,2-S2.0-34047211737,0.8384696841239929,0.04992508888244629,0.07688869535923004,0.03471652418375015
221,2-S2.0-84951990356,0.674196720123291,0.0658704861998558,0.11182272434234619,0.047755710780620575
222,2-S2.0-18444418012,1.0,2.2079222941502542e-39,3.407094665383931e-39,1.523205825527219e-39
223,2-S2.0-85079606880,0.7878854870796204,0.05438869446516037,0.0829046368598938,0.04102986305952072
224,2-S2.0-85017537698,0.4971942901611328,0.090780109167099,0.16336295008659363,0.06026415899395943
225,2-S2.0-85071101328,1.0,2.229237445091099e-39,3.398018455230499e-39,1.540286252508874e-39
226,2-S2.0-85090582835,0.06575324386358261,0.24452093243598938,0.11406390368938446,0.07441876828670502
227,2-S2.0-85049440518,0.4550975263118744,0.11820387840270996,0.2002512365579605,0.07866436243057251
228,2-S2.0-85059804590,0.7953395843505859,0.06238364428281784,0.09910320490598679,0.04317362233996391
229,2-S2.0-85113639444,0.6468360424041748,0.06112395599484444,0.11211276799440384,0.04525449872016907
230,2-S2.0-38849135534,0.5611348152160645,0.06862873584032059,0.11318876594305038,0.05119442194700241
231,2-S2.0-85051127038,1.0,2.224634179635792e-39,3.492264184747129e-39,1.540083064231547e-39
232,2-S2.0-85081561182,0.06323610991239548,0.19584858417510986,0.1136111244559288,0.21493005752563477
233,2-S2.0-85089452752,1.0,2.7053888541794216e-39,5.471675337021471e-39,1.87300775728123e-39
234,2-S2.0-85077954625,0.11581088602542877,0.1171083003282547,0.1969771683216095,0.1162681132555008
235,2-S2.0-78751645939,0.6919923424720764,0.06792660802602768,0.11939680576324463,0.05109897628426552
236,2-S2.0-85119018010,0.7288472652435303,0.0621744766831398,0.13547825813293457,0.04280101880431175
237,2-S2.0-84995389735,0.5913432240486145,0.070147804915905,0.15112844109535217,0.05314825102686882
238,2-S2.0-85132752176,0.00021622730128001422,0.0001883743971120566,0.999457061290741,0.0001383684721076861
239,2-S2.0-85121137059,0.8867313265800476,0.031050333753228188,0.06001795083284378,0.02220034971833229
240,2-S2.0-84983087368,0.8038955926895142,0.05507853999733925,0.09887870401144028,0.042147133499383926
241,2-S2.0-85066019900,0.8220124840736389,0.05495224893093109,0.08648761361837387,0.036547694355249405
242,2-S2.0-85073987977,5.41946996273305e-39,4.0479701102521e-39,1.0,2.7456663759395098e-39
243,2-S2.0-85039162100,0.11173483729362488,0.11216281354427338,0.5351957082748413,0.08878080546855927
244,2-S2.0-85053285362,0.7422161102294922,0.07312454283237457,0.12924839556217194,0.05541097745299339
245,2-S2.0-85081033314,0.740568995475769,0.07589250057935715,0.1160372868180275,0.05554601177573204
246,2-S2.0-85056733436,0.8624969720840454,0.042706213891506195,0.06535318493843079,0.029443588107824326
247,2-S2.0-85053047858,0.13021236658096313,0.1317194402217865,0.23344527184963226,0.12651272118091583
248,2-S2.0-21544480003,0.6686561107635498,0.07449498027563095,0.15151073038578033,0.051464442163705826
249,2-S2.0-85014111304,1.0,2.3003883746171916e-39,3.65059689823119e-39,1.5847032099325778e-39
250,2-S2.0-85064056437,0.22023621201515198,0.11971362680196762,0.22832205891609192,0.08792408555746078
251,2-S2.0-85048018666,0.4290470778942108,0.094533771276474,0.1870306134223938,0.06220734119415283
252,2-S2.0-85053241886,1.0,2.1576689286226376e-39,3.4579688061312435e-39,1.5067419698698666e-39
253,2-S2.0-0026918184,0.14663942158222198,0.1111176386475563,0.5226906538009644,0.08104615658521652
254,2-S2.0-85114778782,0.12667794525623322,0.12186270207166672,0.30172908306121826,0.07242435216903687
255,2-S2.0-85091935222,1.0,2.493562973118225e-39,4.043261747411969e-39,1.866441272677404e-39
256,2-S2.0-85062624388,0.8068273067474365,0.05916445702314377,0.08934295922517776,0.04466523602604866
257,2-S2.0-85050918007,4.99501245399367e-39,4.0726175489411094e-39,1.0,2.964587031125583e-39
258,2-S2.0-85126672635,0.30581140518188477,0.10746558010578156,0.1849835067987442,0.07932358235120773
259,2-S2.0-84978198655,0.34692853689193726,0.1168833076953888,0.21990562975406647,0.07834809273481369
260,2-S2.0-85054469918,0.7333257794380188,0.07186901569366455,0.10747556388378143,0.054703306406736374
261,2-S2.0-85058110468,0.7973142862319946,0.06106668710708618,0.09784379601478577,0.0426563136279583
262,2-S2.0-34248175184,0.18784789741039276,0.11256489902734756,0.22244276106357574,0.08568540215492249
263,2-S2.0-84949535118,0.18533965945243835,0.058533646166324615,0.080874003469944,0.049549639225006104
264,2-S2.0-33644584611,0.7475355267524719,0.07404657453298569,0.1278558224439621,0.05056207254528999
265,2-S2.0-33751295300,0.9019839763641357,0.028087718412280083,0.04965180903673172,0.020276512950658798
266,2-S2.0-15844372959,0.8251412510871887,0.052207671105861664,0.08649767190217972,0.036153364926576614
267,2-S2.0-85109400497,0.31804826855659485,0.0833585187792778,0.17185966670513153,0.05539656803011894
268,2-S2.0-85075060593,0.03290952369570732,0.05373308062553406,0.040323399007320404,0.07055602967739105
269,2-S2.0-85085273856,1.0,2.5447902410785473e-39,4.337200915885671e-39,1.8625694850204744e-39
270,2-S2.0-84890563969,0.6202865839004517,0.08999809622764587,0.14501811563968658,0.0645543709397316
271,2-S2.0-85096169795,1.0,2.269513565552723e-39,3.475765296628169e-39,1.5482049901307736e-39
272,2-S2.0-85099196625,1.0,2.5007656472248545e-39,4.065759594256704e-39,1.875984115219456e-39
273,2-S2.0-84994747508,0.12437650561332703,0.13313104212284088,0.24707219004631042,0.1288028061389923
274,2-S2.0-58149251933,0.7059456706047058,0.06521864980459213,0.11092952638864517,0.04758765548467636
275,2-S2.0-84976646069,0.4477868676185608,0.09981381148099899,0.17654694616794586,0.07192126661539078
276,2-S2.0-85075250515,0.24576327204704285,0.1158299669623375,0.21791186928749084,0.08476375043392181
277,2-S2.0-85086837359,0.07810117304325104,0.24391822516918182,0.1343589723110199,0.08773049712181091
278,2-S2.0-85017116010,0.4864635467529297,0.09027135372161865,0.14993777871131897,0.07321196049451828
279,2-S2.0-85022199723,0.3954606354236603,0.10278265178203583,0.1959942728281021,0.0660812184214592
280,2-S2.0-85089460549,0.5144622921943665,0.10143959522247314,0.15260246396064758,0.06441732496023178
281,2-S2.0-85098851903,0.1297513097524643,0.10991261899471283,0.15954025089740753,0.07922238111495972
282,2-S2.0-85129017599,0.14844892919063568,0.08575192093849182,0.14032617211341858,0.06436292082071304
283,2-S2.0-0003077926,0.652079701423645,0.07056712359189987,0.11106231808662415,0.05276820808649063
284,2-S2.0-17744375665,0.6382412910461426,0.07647965103387833,0.12381787598133087,0.053551968187093735
285,2-S2.0-85013914260,0.13933829963207245,0.13012230396270752,0.224585622549057,0.12332384288311005
286,2-S2.0-84946761199,0.12300219386816025,0.13153962790966034,0.22803764045238495,0.1360473483800888
287,2-S2.0-85072786907,0.10257764160633087,0.1080840602517128,0.31552654504776,0.09265948086977005
288,2-S2.0-85095739804,0.4603223204612732,0.09275280684232712,0.21589961647987366,0.06729348003864288
289,2-S2.0-85020064619,0.7623240351676941,0.07082390785217285,0.11223942041397095,0.05461263284087181
290,2-S2.0-85098687748,1.0,2.2173418224274456e-39,3.546225386011349e-39,1.526735696358853e-39
291,2-S2.0-85078203349,0.8102420568466187,0.05546923726797104,0.09219057857990265,0.04209814965724945
292,2-S2.0-85079644606,1.0,2.5025509014684043e-39,4.0822038317355554e-39,1.8718278639742685e-39
293,2-S2.0-67949086862,0.6929915547370911,0.07816457003355026,0.1304226517677307,0.055207088589668274
294,2-S2.0-84930823962,0.633341908454895,0.07734613120555878,0.13192424178123474,0.060937974601984024
295,2-S2.0-84920180033,0.6788359880447388,0.08339427411556244,0.12888295948505402,0.06413735449314117
296,2-S2.0-85045217196,5.3620293373819114e-39,4.0646721866483877e-39,1.0,2.973688464651373e-39
297,2-S2.0-85044631269,0.12655054032802582,0.13472743332386017,0.23942141234874725,0.13192562758922577
298,2-S2.0-85044085515,0.1164340227842331,0.12825852632522583,0.22945360839366913,0.12593601644039154
299,2-S2.0-85137272156,0.5622235536575317,0.08396215736865997,0.19263190031051636,0.057779159396886826
300,2-S2.0-85077155060,0.8811301589012146,0.03638609126210213,0.0574784129858017,0.025005435571074486
301,2-S2.0-84938997267,0.8076938986778259,0.05589305981993675,0.09434351325035095,0.04206954315304756
302,2-S2.0-84896700765,0.39999285340309143,0.10631012171506882,0.19844600558280945,0.07151830941438675
303,2-S2.0-33646036725,0.7150225043296814,0.06504102796316147,0.12079492211341858,0.04876043274998665
304,2-S2.0-0036021507,0.736090362071991,0.06806010007858276,0.11673817783594131,0.04902464151382446
305,2-S2.0-85092236660,1.0,2.6162718770422205e-39,4.7076173493483646e-39,1.869284507261519e-39
306,2-S2.0-85105975681,0.2935147285461426,0.09018748998641968,0.1486106514930725,0.055598095059394836
307,2-S2.0-0032644525,0.13183234632015228,0.12406684458255768,0.2693253457546234,0.10153023898601532
308,2-S2.0-85121118680,0.06835360080003738,0.6504330039024353,0.13149306178092957,0.09424645453691483
309,2-S2.0-84896402440,5.2784138580156496e-39,4.289041090263756e-39,1.0,2.8218773942202793e-39
310,2-S2.0-0034409737,0.6021984815597534,0.0670129805803299,0.11243097484111786,0.04916611686348915
311,2-S2.0-85062861934,1.0,2.201385236814179e-39,3.515965746972719e-39,1.5263223133118772e-39
312,2-S2.0-85108635989,1.0,2.459081221806584e-39,4.534108573495666e-39,1.7260157522689496e-39
313,2-S2.0-85109158703,0.7066760063171387,0.08369660377502441,0.1479438841342926,0.060090452432632446
314,2-S2.0-85087553497,0.8511661887168884,0.04488654062151909,0.07031036913394928,0.03363689407706261
315,2-S2.0-85100128871,0.05574749410152435,0.7405752539634705,0.08928459882736206,0.07212096452713013
316,2-S2.0-85061315931,0.40866678953170776,0.1377546191215515,0.24930395185947418,0.09657050669193268
317,2-S2.0-85043984710,0.10356872528791428,0.11415371298789978,0.2852915823459625,0.10310342907905579
318,2-S2.0-84945435044,0.7359713912010193,0.0772872194647789,0.1253574788570404,0.05700327455997467
319,2-S2.0-84923862484,0.30565792322158813,0.07071777433156967,0.1386564075946808,0.054514285176992416
320,2-S2.0-85062346266,0.11487880349159241,0.1286814957857132,0.2767471671104431,0.07511404901742935
321,2-S2.0-54249095962,0.20224052667617798,0.07891153544187546,0.19535773992538452,0.0534554123878479
322,2-S2.0-85103963512,0.8169434666633606,0.04819079488515854,0.10175210237503052,0.03311367332935333
323,2-S2.0-84886708684,0.4665486514568329,0.12082605808973312,0.19335530698299408,0.08036785572767258
324,2-S2.0-85039960683,0.10551438480615616,0.10682118684053421,0.17232930660247803,0.10825531929731369
325,2-S2.0-85075581379,1.0,2.2380011656869864e-39,3.568922217238018e-39,1.5417478068071648e-39
326,2-S2.0-85057452861,0.7631915807723999,0.06104984134435654,0.09155701845884323,0.04609311744570732
327,2-S2.0-0344196686,0.2518519461154938,0.08096231520175934,0.17399154603481293,0.05458153784275055
328,2-S2.0-0002120459,0.5607381463050842,0.07177826762199402,0.11710555851459503,0.05079927295446396
329,2-S2.0-80052098978,0.7602555155754089,0.06999485194683075,0.10670024156570435,0.04879997298121452
330,2-S2.0-58449123572,0.8540439605712891,0.04502924531698227,0.06958765536546707,0.03133907541632652
331,2-S2.0-85066800958,0.1418105661869049,0.13389772176742554,0.23460160195827484,0.1258942186832428
332,2-S2.0-85040367996,0.10185039043426514,0.09967770427465439,0.15909354388713837,0.10112422704696655
333,2-S2.0-85028996629,0.06110937148332596,0.09520309418439865,0.08738373219966888,0.09456930309534073
334,2-S2.0-85040984237,0.10299278050661087,0.10448872298002243,0.6715397834777832,0.08066944032907486
335,2-S2.0-79551488404,0.1746317446231842,0.17314250767230988,0.3233565390110016,0.1637972593307495
336,2-S2.0-85109193385,0.3148837387561798,0.12838251888751984,0.23601028323173523,0.09246329963207245
337,2-S2.0-66149171374,0.12678785622119904,0.14182618260383606,0.23416846990585327,0.12243124097585678
338,2-S2.0-0031186335,0.1370222419500351,0.13173116743564606,0.2019454389810562,0.11598566174507141
339,2-S2.0-84953839355,0.5757820010185242,0.07029903680086136,0.13896773755550385,0.05355679616332054
340,2-S2.0-85021677849,0.907978892326355,0.028312087059020996,0.044344283640384674,0.01936468295753002
341,2-S2.0-85075013861,1.0,2.4765582162536433e-39,4.4519238198614795e-39,1.8139009880560092e-39
342,2-S2.0-16244374034,0.7450206875801086,0.058223139494657516,0.10141977667808533,0.04106365516781807
343,2-S2.0-84986100919,0.5427859425544739,0.0879010558128357,0.13611094653606415,0.06183876842260361
344,2-S2.0-84982914022,0.10488596558570862,0.09811343252658844,0.09168985486030579,0.05488398298621178
345,2-S2.0-85022215085,0.40484634041786194,0.12450359016656876,0.2330159693956375,0.0871036946773529
346,2-S2.0-85110308042,0.07314576208591461,0.1943984031677246,0.15235185623168945,0.22385458648204803
347,2-S2.0-85076242970,0.7857692241668701,0.06460392475128174,0.10422872751951218,0.04539814218878746
348,2-S2.0-85110701073,0.14421990513801575,0.13258978724479675,0.1718776375055313,0.07130860537290573
349,2-S2.0-84929502898,0.6285419464111328,0.08981858193874359,0.1638394594192505,0.059009503573179245
350,2-S2.0-0037375753,0.5742352604866028,0.08257137984037399,0.13520818948745728,0.05819260701537132
351,2-S2.0-85134162860,0.8430927991867065,0.04571445286273956,0.0761522576212883,0.03303667902946472
352,2-S2.0-85131704878,5.956949199112548e-39,4.146468780607956e-39,1.0,2.999905357620426e-39
353,2-S2.0-84857190918,0.20580853521823883,0.08070670068264008,0.1811152547597885,0.06416328996419907
354,2-S2.0-39449094255,0.3298819661140442,0.12605907022953033,0.2256111204624176,0.08995310217142105
355,2-S2.0-84899422466,0.11598296463489532,0.11008406430482864,0.1798095703125,0.10338141024112701
356,2-S2.0-33646706633,0.6009317636489868,0.08052351325750351,0.13055206835269928,0.057391609996557236
357,2-S2.0-85089652525,0.9034073352813721,0.029360976070165634,0.04679672792553902,0.020434962585568428
358,2-S2.0-85124229865,0.5527978539466858,0.08385534584522247,0.1314452886581421,0.06423298269510269
359,2-S2.0-85086913219,0.14201770722866058,0.10238374769687653,0.4555656611919403,0.06258784979581833
360,2-S2.0-85076830989,0.8942399621009827,0.03265676647424698,0.05045219138264656,0.022651193663477898
361,2-S2.0-85054004996,0.00029960344545543194,0.0005657280562445521,0.00046826511970721185,0.9986664056777954
362,2-S2.0-85074494483,0.9388201236724854,0.018684551119804382,0.02948584593832493,0.01300943922251463
363,2-S2.0-85090860466,1.7841724411353582e-39,3.595394146527578e-39,2.757371422012015e-39,1.0
364,2-S2.0-85090041442,0.9991677403450012,0.0002508464967831969,0.00040609732968732715,0.00017531074990984052
365,2-S2.0-85059587464,0.14332473278045654,0.15691512823104858,0.3029857277870178,0.15378104150295258
366,2-S2.0-85120399677,0.7591468691825867,0.05860906094312668,0.10972324013710022,0.04074052348732948
367,2-S2.0-85088571763,0.6258426308631897,0.08578025549650192,0.14925643801689148,0.05728958547115326
368,2-S2.0-85102738664,0.7032431960105896,0.07218979299068451,0.12460944801568985,0.050094541162252426
369,2-S2.0-85132873603,1.0,2.619608368685778e-39,4.6742944718667204e-39,1.868684751518788e-39
370,2-S2.0-85128207297,0.1285737305879593,0.12617458403110504,0.17563679814338684,0.08595195412635803
371,2-S2.0-85099577119,0.12652131915092468,0.12272951006889343,0.1708431839942932,0.08520691841840744
372,2-S2.0-85134045780,0.14786912500858307,0.11175613105297089,0.189748153090477,0.07600446790456772
373,2-S2.0-85098507930,0.2568397521972656,0.08427045494318008,0.17303010821342468,0.05822687968611717
374,2-S2.0-85143990421,0.1056428849697113,0.22703242301940918,0.1834861934185028,0.16125531494617462
375,2-S2.0-85072712727,0.12480652332305908,0.3197557032108307,0.2403368502855301,0.15100891888141632
376,2-S2.0-85076432293,0.14604641497135162,0.1180291622877121,0.18500906229019165,0.0757591500878334
377,"ECJOA,,""ENGLISH"",""ECON. J."",ARTICLE,""FINAL"",""ALL OPEN ACCESS, BRONZE"",SCOPUS,2-S2.0-85111752492",0.12408740073442459,0.1951393038034439,0.1964922398328781,0.14287281036376953
378,",,""ENGLISH"",""SOCIO-ECON. PLANN. SCI."",ARTICLE,""FINAL"","""",SCOPUS,2-S2.0-85098851903",0.13388170301914215,0.10878961533308029,0.1592695713043213,0.07905688136816025
379,",,""ENGLISH"",""TECHNOL. FORECAST. SOC. CHANGE"",ARTICLE,""FINAL"","""",SCOPUS,2-S2.0-85124649104",0.04183606803417206,0.041083432734012604,0.05690037086606026,0.03887242078781128
380,",,""ENGLISH"",""SMALL BUS. ECON."",ARTICLE,""FINAL"",""ALL OPEN ACCESS, GREEN"",SCOPUS,2-S2.0-85067260141",0.6685824394226074,0.07260005176067352,0.1198035478591919,0.05017321929335594
381,"MSCIA,,""ENGLISH"",""MANAGE SCI"",ARTICLE,""FINAL"","""",SCOPUS,2-S2.0-85114475952",0.08862940222024918,0.20089691877365112,0.15642547607421875,0.16819807887077332
382,",,""ENGLISH"",""SUSTAINABILITY"",ARTICLE,""FINAL"",""ALL OPEN ACCESS, GOLD, GREEN"",SCOPUS,2-S2.0-85047238713",0.13062573969364166,0.24582313001155853,0.2382739633321762,0.14067257940769196
383,"EECOD,,""ENGLISH"",""ENERGY ECON."",ARTICLE,""FINAL"","""",SCOPUS,2-S2.0-85120909197",0.12763862311840057,0.10839799791574478,0.15631245076656342,0.07881474494934082
384,",,""ENGLISH"",""IND. CORP. CHANGE"",ARTICLE,""FINAL"",""ALL OPEN ACCESS, GREEN"",SCOPUS,2-S2.0-85118693444",0.08479005098342896,0.0618695430457592,0.7927578687667847,0.04458072409033775
385,"IEPOD,,""ENGLISH"",""INF. ECON. POLICY"",ARTICLE,""FINAL"","""",SCOPUS,2-S2.0-85066395919",2.8085874795846227e-39,1.0,5.1949399097942846e-39,3.3780583599046565e-39
386,",,""ENGLISH"",""TECHNOL. SOC."",ARTICLE,""FINAL"","""",SCOPUS,2-S2.0-85115796641",0.09152432531118393,0.37568798661231995,0.16682715713977814,0.16546566784381866
387,"SMAJD,,""ENGLISH"",""STRATEGIC MANAGE J"",ARTICLE,""FINAL"","""",SCOPUS,2-S2.0-85109705359",0.027899762615561485,0.7946836948394775,0.04480716213583946,0.042728886008262634
388,"LECOE,,""ENGLISH"",""LABOUR ECON."",ARTICLE,""FINAL"","""",SCOPUS,2-S2.0-85109382015",0.11618678271770477,0.31181851029396057,0.1938108503818512,0.1359032392501831
389,"EECOD,,""ENGLISH"",""ENERGY ECON."",ARTICLE,""FINAL"","""",SCOPUS,2-S2.0-85123394224",0.10855566710233688,0.10392452031373978,0.13036473095417023,0.07858069986104965
390,2-S2.0-85130491596,0.1292598694562912,0.10792472213506699,0.15620611608028412,0.07836884260177612
391,2-S2.0-85127966535,0.12560509145259857,0.2507864832878113,0.23449549078941345,0.14443650841712952
392,2-S2.0-85103302434,0.03540513291954994,0.761993944644928,0.0569276288151741,0.05546651780605316
393,2-S2.0-85091753011,0.7008313536643982,0.06280031055212021,0.1079244315624237,0.0458587221801281
394,2-S2.0-85068076141,1.0,2.6345476116139448e-39,5.283043748141779e-39,1.8658148922638507e-39
395,2-S2.0-85105265049,0.03184642642736435,0.8349841833114624,0.055189140141010284,0.03661360964179039
396,2-S2.0-85088107676,0.11335694044828415,0.23634430766105652,0.20403209328651428,0.16718870401382446
397,2-S2.0-85070971244,0.13828425109386444,0.19926966726779938,0.22879581153392792,0.12280362099409103
398,2-S2.0-85084510144,0.10251737385988235,0.23529517650604248,0.18498148024082184,0.17015549540519714
399,2-S2.0-85052246293,0.12141096591949463,0.23196791112422943,0.2189103066921234,0.151717871427536
400,2-S2.0-85053326216,0.09320557862520218,0.41930001974105835,0.17707261443138123,0.15674042701721191
401,2-S2.0-85105710788,2.6197302816521742e-39,1.0,4.738513177889798e-39,3.3287130357819224e-39
402,2-S2.0-85134416708,0.10278290510177612,0.25786399841308594,0.1891278177499771,0.17738784849643707
403,2-S2.0-85097931015,0.049381569027900696,0.7465042471885681,0.07976575940847397,0.07048105448484421
404,2-S2.0-85075401399,0.292214959859848,0.0888906791806221,0.17744483053684235,0.060350604355335236
405,2-S2.0-85070898546,0.1312779039144516,0.1286781132221222,0.2361503690481186,0.08787014335393906
406,2-S2.0-85063583890,0.00021796734654344618,0.9991493821144104,0.0003702502290252596,0.0002623547916300595
407,2-S2.0-85085273894,0.00021270722209010273,0.9991267919540405,0.00038589033647440374,0.00027454228256829083
408,2-S2.0-85086513278,0.13022562861442566,0.11116726696491241,0.1633162945508957,0.0794505625963211
409,2-S2.0-85082447256,2.4539244434578688e-39,1.0,4.338844638984324e-39,3.478890192203613e-39
410,2-S2.0-85087449120,0.10040927678346634,0.34624096751213074,0.1719757467508316,0.1155182272195816
411,2-S2.0-85113298553,0.10378972440958023,0.10546232014894485,0.4851169288158417,0.06967569142580032
412,2-S2.0-85045344385,0.00019943334336858243,0.9991539120674133,0.00036238806205801666,0.0002843538240995258
413,2-S2.0-85014611228,0.04013008251786232,0.831476092338562,0.0666160061955452,0.05760638043284416
414,2-S2.0-85121025980,0.1232771947979927,0.25078362226486206,0.21297688782215118,0.13402524590492249
415,2-S2.0-85080904869,0.10644156485795975,0.29678475856781006,0.20054475963115692,0.18714973330497742
416,2-S2.0-85052834383,0.1198347881436348,0.2966758608818054,0.23632396757602692,0.14219406247138977
417,2-S2.0-85125653531,0.7357070446014404,0.05724741145968437,0.11357729136943817,0.039102472364902496
418,2-S2.0-85106997574,0.06112298369407654,0.6354807019233704,0.10876187682151794,0.07403168082237244
419,2-S2.0-85099512672,0.03629009798169136,0.8204764723777771,0.060932707041502,0.05750341713428497
420,2-S2.0-85109124279,0.0654694139957428,0.46432173252105713,0.11664434522390366,0.07865935564041138
421,2-S2.0-85072032394,0.13014139235019684,0.1464376598596573,0.21984533965587616,0.0972520187497139
422,2-S2.0-85055077256,0.08006256818771362,0.27678927779197693,0.16352161765098572,0.18543781340122223
423,2-S2.0-85076479809,0.03288539499044418,0.05369836091995239,0.040294401347637177,0.0704951211810112
424,2-S2.0-85084490694,0.7018423080444336,0.08340869843959808,0.15448102355003357,0.06026799604296684
425,2-S2.0-85077913111,5.8255298239343095e-39,4.358806135608631e-39,1.0,3.025437015640424e-39
426,2-S2.0-85083731847,0.07264996320009232,0.35014861822128296,0.10930393636226654,0.07679999619722366
427,2-S2.0-85076865373,0.07821915298700333,0.6117528080940247,0.1447126865386963,0.1059759184718132
428,2-S2.0-85140579455,0.18384529650211334,0.09055352956056595,0.17931772768497467,0.06062742695212364
429,2-S2.0-85077678939,0.0628051608800888,0.5814803838729858,0.10049940645694733,0.07535520941019058
430,2-S2.0-85098559248,0.03418217599391937,0.7597038149833679,0.05541054531931877,0.05472121760249138
431,2-S2.0-85075272901,0.13487352430820465,0.17903907597064972,0.24830438196659088,0.1168280690908432
432,2-S2.0-85089251791,0.1985505074262619,0.09045419096946716,0.1554853767156601,0.05938994884490967
433,2-S2.0-85104598624,0.3491654396057129,0.06842775642871857,0.12196629494428635,0.05397403985261917
434,2-S2.0-85067607663,2.5185341117524932e-39,1.0,4.37279669947645e-39,3.3293954681340486e-39
435,2-S2.0-85062238789,0.0673297718167305,0.5028873085975647,0.13052396476268768,0.11487653106451035
436,2-S2.0-85029530899,0.1281747817993164,0.2833796441555023,0.24045851826667786,0.15562516450881958
437,2-S2.0-85099013881,0.08638395369052887,0.12432346493005753,0.09041493386030197,0.060460131615400314
438,2-S2.0-85099557159,0.036135584115982056,0.7213714718818665,0.05887000262737274,0.05933007970452309
439,2-S2.0-85098250018,0.036358047276735306,0.7951536178588867,0.06611356884241104,0.05276304855942726
440,2-S2.0-85071613069,0.1118144690990448,0.27813389897346497,0.21007294952869415,0.18001104891300201
441,2-S2.0-85041524700,0.11808685213327408,0.28771641850471497,0.22580192983150482,0.1751263439655304
442,2-S2.0-85103624700,0.08334065973758698,0.10918396711349487,0.3492898643016815,0.05789396911859512
443,2-S2.0-85079556573,2.033117317218055e-39,3.848932478976332e-39,3.355316687127129e-39,1.0
444,2-S2.0-85066076495,2.5322205938535537e-39,1.0,4.2833364042154894e-39,3.207226064118818e-39
445,2-S2.0-85099312976,0.24731823801994324,0.06806720793247223,0.11964432150125504,0.05554850399494171
446,2-S2.0-85087076996,0.0589606836438179,0.674879789352417,0.10249385982751846,0.09310908615589142
447,2-S2.0-85041406987,0.03656548634171486,0.7550219893455505,0.05923831835389137,0.05892200395464897
448,2-S2.0-85103044019,0.052306849509477615,0.7332063913345337,0.09293185919523239,0.08048055320978165
449,2-S2.0-85037335806,5.035948586031991e-39,5.116324263348734e-39,1.0,3.1570329544251674e-39
450,2-S2.0-85084227521,5.2117653004554326e-39,4.7431444693143916e-39,1.0,3.074572144993509e-39
451,2-S2.0-85050557949,2.532018806874691e-39,1.0,4.570679660817615e-39,3.346243279570626e-39
452,2-S2.0-0942268003,0.3782976567745209,0.08345731347799301,0.1592646688222885,0.054232776165008545
453,2-S2.0-85059270729,0.036395441740751266,0.6971121430397034,0.05723186582326889,0.055576760321855545
454,2-S2.0-85084673903,0.07861033082008362,0.4815337657928467,0.13903209567070007,0.10953821241855621
455,2-S2.0-85042923484,0.09604056179523468,0.27684593200683594,0.18647027015686035,0.09930869936943054
456,2-S2.0-85077590115,2.4500064129516166e-39,1.0,4.304369894165005e-39,3.3323634182814885e-39
457,2-S2.0-85083262386,0.06568905711174011,0.6638031005859375,0.11973521113395691,0.10881315171718597
458,2-S2.0-85065292457,0.18287938833236694,0.11452887207269669,0.24720485508441925,0.07304362207651138
459,2-S2.0-85100448061,0.06395518034696579,0.6667717695236206,0.10556252300739288,0.08481737971305847
460,2-S2.0-85092500615,0.053575027734041214,0.5745074152946472,0.08833397924900055,0.09524893760681152
461,2-S2.0-85083340447,2.5105803416689855e-39,1.0,4.269103415713342e-39,3.372050993388096e-39
462,2-S2.0-84873060629,0.156120166182518,0.10844417661428452,0.20922702550888062,0.0905013307929039
463,2-S2.0-85045216539,0.029181957244873047,0.8540322780609131,0.04717389494180679,0.0450017973780632
464,2-S2.0-85112770043,5.5087088528366473e-39,4.556546164506435e-39,1.0,2.8954693856712257e-39
465,2-S2.0-85087835695,0.1841573715209961,0.12240993976593018,0.25253698229789734,0.07743977010250092
466,2-S2.0-85087295894,0.07340344786643982,0.2396067976951599,0.1438535451889038,0.21403127908706665
467,2-S2.0-85132703302,0.12446873635053635,0.10122162848711014,0.14297808706760406,0.0757172703742981
468,2-S2.0-85070715292,0.6988373398780823,0.057403434067964554,0.1203819140791893,0.04132713004946709
469,2-S2.0-85116669602,1.0,2.7092746548209943e-39,5.046333608951102e-39,1.915394233230127e-39
470,2-S2.0-85021657582,2.453606348706467e-39,1.0,4.539123820699484e-39,3.3501066594367694e-39
471,2-S2.0-85085109065,0.14060120284557343,0.11399363726377487,0.33247408270835876,0.06557081639766693
472,2-S2.0-85134011406,0.41663360595703125,0.10060489177703857,0.19495533406734467,0.06952005624771118
473,2-S2.0-85067228980,0.09760001301765442,0.2781420350074768,0.24139919877052307,0.1218012273311615
474,2-S2.0-85094175946,0.0529264360666275,0.10369722545146942,0.0827585980296135,0.5711307525634766
475,2-S2.0-85066431723,0.12513601779937744,0.3232859671115875,0.2367679476737976,0.1510632187128067
476,2-S2.0-85077165470,0.1148172989487648,0.36782461404800415,0.24171315133571625,0.15318404138088226
477,2-S2.0-85135101431,0.12287362664937973,0.10849697142839432,0.15193238854408264,0.07868248969316483
478,2-S2.0-85080025553,0.04666925594210625,0.7744130492210388,0.08357376605272293,0.05849811062216759
479,2-S2.0-85057459730,0.3789355456829071,0.06870714575052261,0.12497954070568085,0.05385163798928261
480,2-S2.0-85047258542,0.09941519051790237,0.08024488389492035,0.10560979694128036,0.06212853267788887
481,2-S2.0-85094326890,0.0642310082912445,0.2093685418367386,0.11752575635910034,0.20388413965702057
482,2-S2.0-85096953185,0.05018750950694084,0.6588277816772461,0.08512715995311737,0.07126272469758987
483,2-S2.0-85016237062,0.00020385434618219733,0.9991599321365356,0.0003540196630638093,0.00028225863934494555
484,2-S2.0-85075355821,5.6522830908944394e-39,4.142297115079661e-39,1.0,2.9248770352435463e-39
485,2-S2.0-85107805088,0.04981357604265213,0.7803507447242737,0.0942145362496376,0.05597129464149475
486,2-S2.0-85109440997,0.00020503367704804987,0.9991556406021118,0.0003638531779870391,0.0002755496825557202
487,2-S2.0-85100856667,0.06721524894237518,0.38778695464134216,0.11657604575157166,0.07891396433115005
488,2-S2.0-84992205897,2.4424562168258345e-39,1.0,4.2367320198889747e-39,3.373902108659469e-39
489,2-S2.0-85076541826,0.057178594172000885,0.6977333426475525,0.09716403484344482,0.06840819120407104
490,2-S2.0-85129376013,0.036695756018161774,0.7900136113166809,0.06403335183858871,0.04151097312569618
491,2-S2.0-85049252642,0.06359565258026123,0.6652091145515442,0.11448441445827484,0.10603514313697815
492,2-S2.0-77955308042,1.0,2.1935701952786394e-39,3.412931073487844e-39,1.5303300269198462e-39
493,2-S2.0-85089253688,0.0497092679142952,0.10892906785011292,0.0863439291715622,0.4141498804092407
494,2-S2.0-85083791696,0.49698999524116516,0.09136226028203964,0.2103247195482254,0.06203470379114151
495,2-S2.0-85081211190,0.05786994844675064,0.566993772983551,0.09921232610940933,0.09962233155965805
496,2-S2.0-85075350653,0.7787994742393494,0.0644407644867897,0.10246165096759796,0.044880226254463196
497,2-S2.0-85089602698,0.05443365126848221,0.6030420064926147,0.09183637797832489,0.05952641740441322
498,2-S2.0-85071255877,0.00021072852541692555,0.9991344213485718,0.00037841920857317746,0.00027642774512059987
499,2-S2.0-85103244579,2.5047957816082527e-39,1.0,4.267283129008184e-39,3.41677903907088e-39
500,2-S2.0-85088988374,0.051708150655031204,0.590718686580658,0.0992366224527359,0.0775848776102066
501,2-S2.0-85101432260,0.00020148545445408672,0.9991464614868164,0.00036936733522452414,0.0002826802956406027
502,2-S2.0-85100000551,0.047117915004491806,0.715502142906189,0.0739467665553093,0.06442064791917801
503,2-S2.0-85052822578,0.1075499951839447,0.25622430443763733,0.21182270348072052,0.10837535560131073
504,2-S2.0-85092285579,0.2866031527519226,0.13958285748958588,0.2763110399246216,0.09021974354982376
505,2-S2.0-85062611190,0.08012200891971588,0.29314884543418884,0.17040002346038818,0.1628655344247818
506,2-S2.0-85068482219,0.04597628116607666,0.7513433694839478,0.08337472379207611,0.062298066914081573
507,2-S2.0-85058443182,0.3491252660751343,0.14736612141132355,0.23388002812862396,0.095713771879673
508,2-S2.0-85058141592,0.04446990042924881,0.6643467545509338,0.08222048729658127,0.06611426919698715
509,2-S2.0-85055326956,0.4714561104774475,0.06741612404584885,0.17432011663913727,0.05066049098968506
510,2-S2.0-85012284836,0.12523484230041504,0.2198982834815979,0.22890548408031464,0.12654399871826172
511,2-S2.0-85054461325,2.4387764070585176e-39,1.0,4.398013065341975e-39,3.386283981890243e-39
512,2-S2.0-85065158210,0.10166182368993759,0.12050110846757889,0.10289029777050018,0.061154138296842575
513,2-S2.0-85083331515,0.00021729327272623777,0.0004240298585500568,0.0003417964035179466,0.9990167617797852
514,2-S2.0-85032504854,0.06412932276725769,0.5840399265289307,0.11092843115329742,0.07488276809453964
515,2-S2.0-85101553026,1.0,2.765365829750988e-39,5.2756827273086805e-39,1.9292348581622633e-39
516,2-S2.0-85072328977,2.651615426909421e-39,1.0,4.5559408035698464e-39,3.177362992545592e-39
517,2-S2.0-85111045955,0.08793006837368011,0.12551642954349518,0.0923711359500885,0.0604633204638958
518,2-S2.0-85087219114,0.09111674129962921,0.12285691499710083,0.09461857378482819,0.060201410204172134
519,2-S2.0-85100001965,0.2472730129957199,0.07998108118772507,0.26548144221305847,0.054459813982248306
520,2-S2.0-85079381223,0.0670086145401001,0.2070806920528412,0.12178169190883636,0.23936782777309418
521,2-S2.0-85082923840,0.13664570450782776,0.11980225890874863,0.2630295157432556,0.07077521085739136
522,2-S2.0-85089828048,0.06628046929836273,0.19244182109832764,0.11920405924320221,0.24808084964752197
523,2-S2.0-85084386238,0.11328765004873276,0.37387365102767944,0.21889877319335938,0.1443973034620285
524,2-S2.0-85019675636,0.045066289603710175,0.09431567788124084,0.07535132020711899,0.6934751272201538
525,2-S2.0-85046779673,4.519585516211403e-39,5.524721490388487e-39,1.0,3.45246590706184e-39
526,2-S2.0-85089177268,0.03580709174275398,0.0692816972732544,0.06122969463467598,0.6288200616836548
527,2-S2.0-85074334143,0.07657673209905624,0.4006020128726959,0.14286042749881744,0.17583011090755463
528,2-S2.0-85058037757,5.450992171688037e-39,4.6573401617468544e-39,1.0,3.177126173105121e-39
529,2-S2.0-85111247193,0.34754878282546997,0.06912294775247574,0.11671808362007141,0.05492319166660309
530,2-S2.0-85074848448,0.0803070068359375,0.21386559307575226,0.1546972393989563,0.17960405349731445
531,2-S2.0-85096220829,0.7902389168739319,0.05805535987019539,0.11201933771371841,0.039686430245637894
532,2-S2.0-85114687655,2.4079128083817635e-39,1.0,3.914256809487762e-39,3.564624434847934e-39
533,2-S2.0-85089573845,0.10015150159597397,0.22186212241649628,0.17964665591716766,0.17120161652565002
534,2-S2.0-85083421439,0.17044349014759064,0.09935581684112549,0.16468198597431183,0.06410015374422073
535,2-S2.0-85129418809,0.642497718334198,0.06431391090154648,0.1246485635638237,0.04821501299738884
536,2-S2.0-85114681718,2.6088548042705493e-39,1.0,4.521457650959741e-39,3.626963999630352e-39
537,2-S2.0-85126151026,2.5433847387188295e-39,1.0,4.491453048241618e-39,3.301596509198773e-39
538,2-S2.0-85075353095,0.06864257156848907,0.20083247125148773,0.13228201866149902,0.21422743797302246
539,2-S2.0-85070235030,0.09308916330337524,0.21952737867832184,0.17382706701755524,0.17752471566200256
540,2-S2.0-85067263621,0.6633541584014893,0.07540305703878403,0.1243027076125145,0.05358292907476425
541,2-S2.0-85063047489,0.12036845833063126,0.25067490339279175,0.23781272768974304,0.13295499980449677
542,2-S2.0-85081940596,0.20618458092212677,0.1366232931613922,0.1998608410358429,0.07986175268888474
543,2-S2.0-85100398684,0.11867711693048477,0.2074124813079834,0.2165134847164154,0.11623484641313553
544,2-S2.0-85068081811,0.00023416873591486365,0.0001823622005758807,0.999454915523529,0.00012847695325035602
545,2-S2.0-85114672912,0.05004461854696274,0.7369005084037781,0.08834857493638992,0.07232815027236938
546,2-S2.0-84957895151,0.08118779957294464,0.2818741798400879,0.17644834518432617,0.1719815731048584
547,2-S2.0-85057472527,0.10362072288990021,0.08689025789499283,0.42280998826026917,0.052213817834854126
548,2-S2.0-85096577013,0.000216220214497298,0.9991388320922852,0.0003745074209291488,0.0002704203361645341
549,2-S2.0-85012935492,0.05223338305950165,0.666032612323761,0.09309612959623337,0.06570446491241455
550,2-S2.0-85068602404,0.08835220336914062,0.2449008822441101,0.1598592847585678,0.18092043697834015
551,2-S2.0-85052735201,0.07900585234165192,0.0932195857167244,0.4452890157699585,0.06084158644080162
552,2-S2.0-85099422856,0.05145607516169548,0.7680490016937256,0.08953467756509781,0.0795447826385498
553,2-S2.0-85087855013,0.05833561718463898,0.5472719073295593,0.09778301417827606,0.06131827086210251
554,2-S2.0-85010281662,0.11434873938560486,0.13436409831047058,0.27750810980796814,0.12596586346626282
555,2-S2.0-85114697629,0.06085680425167084,0.43851134181022644,0.0964791476726532,0.09519576281309128
556,2-S2.0-85045060997,0.0918387696146965,0.2266191691160202,0.15254852175712585,0.15350350737571716
557,2-S2.0-85094626108,5.651361036504914e-39,4.3631263387741445e-39,1.0,2.996322237447147e-39
558,2-S2.0-85085992046,0.09118762612342834,0.10677312314510345,0.08795979619026184,0.055822525173425674
559,2-S2.0-85096103480,0.243246391415596,0.09028531610965729,0.1783168613910675,0.06035785377025604
560,2-S2.0-85044252778,0.2415447235107422,0.08863522857427597,0.17930175364017487,0.060236796736717224
561,2-S2.0-85051064923,0.22510991990566254,0.08963993191719055,0.1921141892671585,0.06023627519607544
562,2-S2.0-85091482134,0.07193610817193985,0.21603113412857056,0.16304586827754974,0.13315244019031525
563,2-S2.0-85060215135,0.07817235589027405,0.45834827423095703,0.16350242495536804,0.11842210590839386
564,2-S2.0-85081297614,0.37090864777565,0.0874488428235054,0.13186581432819366,0.0665426179766655
565,2-S2.0-85029697172,0.15306991338729858,0.13538670539855957,0.2529580593109131,0.1135137677192688
566,2-S2.0-85083843630,0.8708027601242065,0.03666680306196213,0.06659676879644394,0.025933722034096718
567,2-S2.0-85031710221,0.09728194028139114,0.38556107878685,0.19201815128326416,0.12016986310482025
568,2-S2.0-85085339316,0.08505183458328247,0.4162749648094177,0.1545913815498352,0.1096009910106659
569,2-S2.0-85104159198,0.0002750597195699811,0.0003054205153603107,0.9992402791976929,0.00017925407155416906
570,2-S2.0-85043485680,0.6879822015762329,0.06704653799533844,0.12287994474172592,0.04994989186525345
571,2-S2.0-85087318131,0.036144424229860306,0.7835763692855835,0.06224874034523964,0.041401054710149765
572,2-S2.0-85152418843,0.7201585173606873,0.07602956891059875,0.1512066274881363,0.05260530114173889
573,2-S2.0-85041494062,0.06584139168262482,0.5699739456176758,0.12773363292217255,0.09003087133169174
574,2-S2.0-85085375157,6.247771879801592e-39,3.956700738673696e-39,1.0,2.8331942806181665e-39
575,2-S2.0-85076017899,0.13321587443351746,0.12192973494529724,0.282100111246109,0.07186228781938553
576,2-S2.0-85045445268,5.66550294060688e-39,4.35650520353021e-39,1.0,3.067750624069176e-39
577,2-S2.0-85106197606,0.7109684348106384,0.05635601654648781,0.10937444120645523,0.03985501825809479
578,2-S2.0-85099106461,0.032017506659030914,0.040607549250125885,0.04016277566552162,0.0676327794790268
579,2-S2.0-85053721932,5.565827179540991e-39,4.1911519847398813e-39,1.0,2.7714754910554443e-39
580,2-S2.0-85057154880,0.06291943788528442,0.6617187261581421,0.11909573525190353,0.06817548722028732
581,2-S2.0-85075741895,0.0908283144235611,0.08379705250263214,0.7684081196784973,0.05504788085818291
582,2-S2.0-85056681740,1.0,2.8232758900876755e-39,5.613133614398133e-39,1.9338689521837854e-39
583,2-S2.0-85085649184,5.395988404366359e-39,4.591285754735511e-39,1.0,3.055862007897844e-39
584,2-S2.0-85124155048,0.2589094042778015,0.08515571057796478,0.16617844998836517,0.05914125218987465
585,2-S2.0-85021191082,5.580079786221639e-39,4.452365228877742e-39,1.0,3.1320197768369694e-39
586,2-S2.0-85045955580,0.9989303946495056,0.00028945013764314353,0.000566723058000207,0.00021349270537029952
587,2-S2.0-85081092292,0.00021961392485536635,0.9991294145584106,0.00038856707396917045,0.00026240863371640444
588,2-S2.0-85081295941,0.5979440808296204,0.08970434963703156,0.1334177702665329,0.06744233518838882
589,2-S2.0-85056313081,0.320224791765213,0.08614490926265717,0.18486152589321136,0.060955777764320374
590,2-S2.0-85075210268,0.07197640836238861,0.550203263759613,0.14246563613414764,0.10312803089618683
591,2-S2.0-85087994814,0.07179680466651917,0.2514955997467041,0.11025585979223251,0.09040047228336334
592,2-S2.0-85096550454,0.1553833931684494,0.140944704413414,0.4979431629180908,0.08650998026132584
593,2-S2.0-85109364718,0.30145934224128723,0.06743619590997696,0.11333382874727249,0.053876470774412155
594,2-S2.0-85090060490,1.0,2.661542225230698e-39,4.8925551154760966e-39,1.9320486654786275e-39
595,2-S2.0-85126049210,0.23045779764652252,0.08594318479299545,0.168563112616539,0.05881239473819733
596,2-S2.0-85084150285,0.2990216910839081,0.1227758601307869,0.24916356801986694,0.0839129239320755
597,2-S2.0-85088689002,0.11216388642787933,0.09087476879358292,0.09015175700187683,0.0527539923787117
598,2-S2.0-85129915753,0.8608162999153137,0.03976001590490341,0.07142914086580276,0.02799449861049652
599,2-S2.0-85112785208,0.33207181096076965,0.06812435388565063,0.11993850022554398,0.05390820652246475
600,2-S2.0-85054063678,0.1156202033162117,0.353981614112854,0.24124647676944733,0.16669075191020966
601,2-S2.0-85060375192,0.10025040060281754,0.09870299696922302,0.48180028796195984,0.08260715752840042
602,2-S2.0-85098865213,0.060714878141880035,0.6288090944290161,0.11473721265792847,0.0879034623503685
603,2-S2.0-85041614285,0.09591071307659149,0.26204392313957214,0.1872546672821045,0.18364697694778442
604,2-S2.0-85111999523,2.5678976527552635e-39,1.0,4.692193257151541e-39,3.42353469896739e-39
605,2-S2.0-85100487562,0.09639499336481094,0.08564911782741547,0.3433888852596283,0.04985089972615242
606,2-S2.0-85076230352,0.03688524663448334,0.8023568987846375,0.06539292633533478,0.04803486168384552
607,2-S2.0-85113839141,1.9153143592176605e-39,3.809993197249674e-39,3.061486819933644e-39,1.0
608,2-S2.0-85072856547,0.854322075843811,0.04446295648813248,0.07041478902101517,0.030800173059105873
609,2-S2.0-85053240825,0.4407092034816742,0.11893551051616669,0.20069092512130737,0.08068780601024628
610,2-S2.0-85101565968,5.986929979756778e-39,4.3181516645616395e-39,1.0,2.998621768227104e-39
611,2-S2.0-85111903831,0.07216960936784744,0.48138293623924255,0.11141137033700943,0.07838660478591919
612,2-S2.0-85116678681,0.2700928747653961,0.10444620996713638,0.1730758398771286,0.06399321556091309
613,2-S2.0-85095115733,0.07097925245761871,0.3054020404815674,0.11040554195642471,0.0793052464723587
614,2-S2.0-85090971402,0.04476955533027649,0.07316184788942337,0.06652774661779404,0.4319891035556793
615,2-S2.0-85091677265,1.8516631790726344e-39,3.824499438952364e-39,2.952214966984059e-39,1.0
616,2-S2.0-85089975583,1.0,2.357167587093169e-39,3.735671129298814e-39,1.6125400039263903e-39
617,2-S2.0-85112466941,0.06568028032779694,0.4540324807167053,0.11773306131362915,0.07936717569828033
618,2-S2.0-85089098391,0.00020864797988906503,0.00039061231655068696,0.00032243464374914765,0.9990783333778381
619,2-S2.0-85102278843,0.08210389316082001,0.1070229560136795,0.20665927231311798,0.10845675319433212
620,2-S2.0-85101377437,1.7882292001895785e-39,3.185573200248071e-39,2.722474886354934e-39,1.0
621,2-S2.0-85106276896,0.0002006480353884399,0.9991493821144104,0.0003654302563518286,0.0002845300186891109
622,2-S2.0-85100795345,0.0002221449394710362,0.9991022944450378,0.0004049918497912586,0.00027050444623455405
623,2-S2.0-85082195413,0.8515787720680237,0.04482514038681984,0.07199084758758545,0.03160522133111954
624,2-S2.0-85096386290,0.00020140575361438096,0.9991565942764282,0.0003378473920747638,0.00030411771149374545
625,2-S2.0-85088958375,1.8450532542164142e-39,3.762311214404093e-39,2.9229194212888846e-39,1.0
626,2-S2.0-85092756265,1.9612026800289053e-39,3.8272740099117274e-39,3.202942294713377e-39,1.0
627,2-S2.0-85075871733,0.06432558596134186,0.6252626180648804,0.11420492082834244,0.09330590069293976
628,2-S2.0-85097546728,0.07258691638708115,0.49773114919662476,0.1290612816810608,0.10594603419303894
629,2-S2.0-85081021493,1.8015625550776292e-39,3.645350436780758e-39,2.8237299107901167e-39,1.0
630,2-S2.0-85096491687,0.06633850187063217,0.16379643976688385,0.11986915022134781,0.29797282814979553
631,2-S2.0-85133750414,0.12279299646615982,0.09595613926649094,0.09667223691940308,0.054237306118011475
632,2-S2.0-85071977984,0.8909718990325928,0.03191005811095238,0.053900208324193954,0.023217830806970596
633,2-S2.0-85078941446,0.07009744644165039,0.43537625670433044,0.11522034555673599,0.0979621410369873
634,2-S2.0-85050074609,0.5158059597015381,0.11226442456245422,0.19272661209106445,0.07515626400709152
635,2-S2.0-85078122852,0.1710367500782013,0.13531284034252167,0.20448541641235352,0.07688917964696884
636,2-S2.0-85087220792,0.06954503059387207,0.25835293531417847,0.10400941222906113,0.08068981021642685
637,2-S2.0-85087562650,0.03235552832484245,0.054341960698366165,0.0400317944586277,0.06846533715724945
638,2-S2.0-85092899989,0.06110700964927673,0.48751676082611084,0.1032245084643364,0.06592816114425659
639,2-S2.0-85098556750,1.7461804371705837e-39,3.184261584885463e-39,2.6125107919639727e-39,1.0
640,2-S2.0-85070487715,1.774943489449315e-39,3.2124304866153204e-39,2.7099220547115124e-39,1.0
641,2-S2.0-85118225384,0.9991822838783264,0.00022445220383815467,0.0004318824503570795,0.00016138568753376603
642,2-S2.0-85083669734,0.06891318410634995,0.39795905351638794,0.10954740643501282,0.08422170579433441
643,2-S2.0-85093928322,1.9054225933579916e-39,3.364500797262314e-39,2.991598460323908e-39,1.0
644,2-S2.0-85083563159,0.06256282329559326,0.19411376118659973,0.11152099072933197,0.20657099783420563
645,2-S2.0-85097002171,0.00021038127306383103,0.0003831020148936659,0.0003232731542084366,0.9990832805633545
646,2-S2.0-85119619458,0.6194506883621216,0.07677944749593735,0.15544383227825165,0.053109314292669296
647,2-S2.0-85087077009,0.17302969098091125,0.07574096322059631,0.4669519364833832,0.0561913400888443
648,2-S2.0-85102279015,1.7611869424250382e-39,3.281630808679073e-39,2.687763322095144e-39,1.0
649,2-S2.0-85083368942,0.00028679249226115644,0.000511878461111337,0.0004334913974162191,0.9987677931785583
650,2-S2.0-85077376160,0.07023069262504578,0.322711706161499,0.11245851218700409,0.08901643007993698
651,2-S2.0-85127321925,0.7766293883323669,0.06545090675354004,0.112175352871418,0.04574437439441681
652,2-S2.0-85062144895,0.16747717559337616,0.09770020842552185,0.26817208528518677,0.06142445281147957
653,2-S2.0-85118503202,0.9991821050643921,0.0002528769546188414,0.0003889350628014654,0.0001759859296726063
654,2-S2.0-85095996930,0.05536565184593201,0.09991472959518433,0.09964919090270996,0.29393070936203003
655,2-S2.0-85090954735,0.06675238907337189,0.19727963209152222,0.118002749979496,0.1668255478143692
656,2-S2.0-85062082599,0.060590628534555435,0.4743240773677826,0.09394645690917969,0.0937291756272316
657,2-S2.0-85111566911,0.07615367323160172,0.12630759179592133,0.2539273500442505,0.06469333171844482
658,2-S2.0-85119978800,1.0,2.4437299971299058e-39,4.591678118305522e-39,1.754917533095649e-39
659,2-S2.0-85075904823,0.0745105892419815,0.4501383602619171,0.15168577432632446,0.07636036723852158
660,2-S2.0-85098729733,0.1318911910057068,0.13452991843223572,0.2160569280385971,0.11713621020317078
661,2-S2.0-85128049297,0.14597555994987488,0.10384423285722733,0.12708544731140137,0.05694844573736191
662,2-S2.0-85100304105,2.775378107278589e-39,1.0,4.883609226079847e-39,3.210967531018565e-39
663,2-S2.0-85075628508,1.7851085085095272e-39,3.199237261573702e-39,2.7103970948909185e-39,1.0
664,2-S2.0-85116037376,0.8274781703948975,0.05171335116028786,0.0848129391670227,0.03599558398127556
665,2-S2.0-85102861561,0.04954985901713371,0.6026041507720947,0.0775027945637703,0.0734611377120018
666,2-S2.0-85101499309,0.7482786774635315,0.07402433454990387,0.12623383104801178,0.051463112235069275
667,2-S2.0-85078884854,0.06469304114580154,0.25317347049713135,0.11391540616750717,0.1715143769979477
668,2-S2.0-85095727186,0.1764548420906067,0.1127350702881813,0.1909596472978592,0.08580036461353302
669,2-S2.0-85132666396,0.05884886905550957,0.11697586625814438,0.10141699761152267,0.3425838351249695
670,2-S2.0-85060334232,0.04088032990694046,0.07575145363807678,0.0626172423362732,0.8194868564605713
671,2-S2.0-85074410588,0.061260245740413666,0.11505948007106781,0.11178410798311234,0.2619480490684509
672,2-S2.0-85111997161,0.06997881829738617,0.39196690917015076,0.12997326254844666,0.08251174539327621
673,2-S2.0-85107326531,5.351078189883213e-39,4.61457533521259e-39,1.0,3.0341937297439896e-39
674,2-S2.0-85100756933,0.07189401984214783,0.4490734338760376,0.11978307366371155,0.10973745584487915
675,2-S2.0-85071854319,0.48412829637527466,0.11461298167705536,0.19403918087482452,0.07625813037157059
676,2-S2.0-85130124665,1.0,2.625911409178311e-39,4.7140927495520095e-39,1.8747888076293868e-39
677,2-S2.0-85111434317,1.8033239872472855e-39,3.329318396718511e-39,2.772652581765477e-39,1.0
678,2-S2.0-85087002186,0.03683415427803993,0.06893181055784225,0.055658359080553055,0.776943027973175
679,2-S2.0-85115102553,0.061656609177589417,0.1991705745458603,0.11007463186979294,0.1940983533859253
680,2-S2.0-85123069129,0.589062511920929,0.08313211053609848,0.1744249016046524,0.05743623524904251
681,2-S2.0-85114399370,0.06504074484109879,0.19903162121772766,0.1176651269197464,0.24506725370883942
682,2-S2.0-85099665662,0.03273585066199303,0.052767716348171234,0.03990361467003822,0.06982501596212387
683,2-S2.0-85111972764,0.032797906547784805,0.05357332527637482,0.04018359258770943,0.07021719217300415
684,2-S2.0-85085284933,1.761863769583307e-39,3.3960230062173006e-39,2.7085473809180097e-39,1.0
685,2-S2.0-85081200701,0.04337070882320404,0.07533096522092819,0.06360393017530441,0.5662491321563721
686,2-S2.0-85089003295,0.00020526282605715096,0.0004101557715330273,0.0003154186997562647,0.999069094657898
687,2-S2.0-85110589528,0.08179400116205215,0.09830644726753235,0.42109787464141846,0.05471685156226158
688,2-S2.0-85071662111,0.00021613179706037045,0.00040827851626090705,0.00033799835364334285,0.9990375638008118
689,2-S2.0-85097542867,1.7753050244531107e-39,3.353115247239675e-39,2.714113338418308e-39,1.0
690,2-S2.0-84885666376,0.6515352129936218,0.06848777830600739,0.11447055637836456,0.04959063604474068
691,2-S2.0-85092748091,0.00021853776706848294,0.9991269111633301,0.00037640557275153697,0.00027814385248348117
692,2-S2.0-85108329291,1.7446964620968638e-39,3.30073050674782e-39,2.670584804220986e-39,1.0
693,2-S2.0-85076424018,0.06820240616798401,0.2608453929424286,0.10202620923519135,0.08194151520729065
694,2-S2.0-85084434769,0.04224809259176254,0.8075065016746521,0.07304024696350098,0.05788277089595795
695,2-S2.0-85150515444,0.033365849405527115,0.054481975734233856,0.04084157571196556,0.07205692678689957
696,2-S2.0-85089085301,1.817851248426941e-39,3.294193449411745e-39,2.8469900639994443e-39,1.0
697,2-S2.0-85112464059,0.06943115592002869,0.6808764338493347,0.12752066552639008,0.08365081995725632
698,2-S2.0-85125240207,0.09055145829916,0.11659229546785355,0.09191766381263733,0.058259159326553345
699,2-S2.0-85086789500,0.03046749159693718,0.058443695306777954,0.051340579986572266,0.7203638553619385
700,2-S2.0-85088694442,0.03288986161351204,0.05396705120801926,0.04017331451177597,0.06916865706443787
701,2-S2.0-85090415767,0.0606263168156147,0.10933691263198853,0.1109345555305481,0.23092612624168396
702,2-S2.0-85111813271,5.823844061881727e-39,3.881020812510906e-39,1.0,2.7848859173590328e-39
703,2-S2.0-85126609601,0.04014962166547775,0.6520249247550964,0.06217682734131813,0.059996381402015686
704,2-S2.0-85099522162,0.7088884115219116,0.07540571689605713,0.11101878434419632,0.04957078769803047
705,2-S2.0-85068046590,0.2563256621360779,0.11625069379806519,0.21907298266887665,0.0846637412905693
706,2-S2.0-84862145454,0.06960856914520264,0.4654891788959503,0.13437066972255707,0.07214301824569702
707,2-S2.0-85130941378,0.08486109972000122,0.10863608866930008,0.25866225361824036,0.05544564500451088
708,2-S2.0-85108141046,0.06105852127075195,0.5401709079742432,0.09445007145404816,0.08537298440933228
709,2-S2.0-85104134022,0.00019768621132243425,0.9991886615753174,0.00034669958404265344,0.00026702164905145764
710,2-S2.0-85102518758,0.11029712110757828,0.11488639563322067,0.628355860710144,0.08852878957986832
711,2-S2.0-85079154191,1.9140531905997682e-39,3.655215577969605e-39,3.0699352483750584e-39,1.0
712,2-S2.0-85089290723,0.06200595945119858,0.16606411337852478,0.11061006784439087,0.23104450106620789
713,2-S2.0-85107522534,2.3946943599677875e-39,1.0,3.899568398984709e-39,3.5249284519505406e-39
714,2-S2.0-85127353273,0.1664215475320816,0.11761181056499481,0.21432915329933167,0.09178076684474945
715,2-S2.0-85077157890,1.808683953873328e-39,3.6874146140828604e-39,2.7741463659284474e-39,1.0
716,2-S2.0-85068258414,0.07915899157524109,0.43202337622642517,0.1652490645647049,0.10733986645936966
717,2-S2.0-85105535274,0.00020758493337780237,0.00038241755100898445,0.00031582691008225083,0.9990941882133484
718,2-S2.0-85110265219,0.9987835884094238,0.0003713717742357403,0.0005903505953028798,0.00025467335944995284
719,2-S2.0-85117838949,0.04921302944421768,0.7510706186294556,0.08636662364006042,0.06598776578903198
720,2-S2.0-85091767168,1.0,2.1402465848156872e-39,3.3314960145320715e-39,1.4895074000571357e-39
721,2-S2.0-85071030992,0.04921453818678856,0.4651508927345276,0.07592274248600006,0.083658367395401
722,2-S2.0-85060624916,1.8168325044433767e-39,3.481336859322324e-39,2.8237411211778313e-39,1.0
723,2-S2.0-85099703079,0.34723201394081116,0.08733192831277847,0.268352746963501,0.06018441915512085
724,2-S2.0-85077523091,1.0,2.5072200279515346e-39,4.709818789235819e-39,1.779918098997668e-39
725,2-S2.0-85093864025,0.06638769805431366,0.14874020218849182,0.10879747569561005,0.4454413950443268
726,2-S2.0-85088043085,0.06285983324050903,0.22482405602931976,0.11168500781059265,0.18056178092956543
727,2-S2.0-79955134112,0.11305214464664459,0.093864805996418,0.13388791680335999,0.08240258693695068
728,2-S2.0-85114136088,0.03177745267748833,0.05130085349082947,0.03864176943898201,0.06629530340433121
729,2-S2.0-85106309806,1.0,2.4017442925418056e-39,4.36188058443936e-39,1.6953679535557016e-39
730,2-S2.0-33847293900,0.11686539649963379,0.09590696543455124,0.14167268574237823,0.08325611799955368
731,2-S2.0-85030458529,0.3559810519218445,0.07952257245779037,0.12885941565036774,0.06567169725894928
732,2-S2.0-85114138710,0.08240615576505661,0.10927128791809082,0.2888796329498291,0.05717472359538078
733,2-S2.0-85111248450,0.03270143270492554,0.053487420082092285,0.04002887383103371,0.06946934014558792
734,2-S2.0-85100514020,0.718660831451416,0.07928777486085892,0.13801328837871552,0.05884723365306854
735,2-S2.0-84880763417,0.10518067330121994,0.09098930656909943,0.12349352985620499,0.08023099601268768
736,2-S2.0-85081947500,0.0317266620695591,0.05123200640082359,0.03864176198840141,0.06639733910560608
737,2-S2.0-84960158116,0.6751635670661926,0.09711389988660812,0.15586762130260468,0.07185488194227219
738,2-S2.0-85129380203,0.049744170159101486,0.08438311517238617,0.07188591361045837,0.5559083223342896
739,2-S2.0-85085952920,0.07416484504938126,0.16049575805664062,0.21466904878616333,0.0642312541604042
740,2-S2.0-85096386631,0.0691022053360939,0.6020063757896423,0.13489827513694763,0.09665242582559586
741,2-S2.0-85103873333,0.05844337120652199,0.12131098657846451,0.09865564852952957,0.5659940838813782
742,2-S2.0-85049322091,0.090793177485466,0.13363660871982574,0.2622617483139038,0.08792056143283844
743,2-S2.0-85052366515,1.772044202926627e-39,3.213939685061398e-39,2.6741356945295852e-39,1.0
744,2-S2.0-85082930961,0.058878760784864426,0.1537306159734726,0.09799633920192719,0.35638344287872314
745,2-S2.0-84946532441,0.11928427964448929,0.09478017687797546,0.14046527445316315,0.08327589929103851
746,2-S2.0-85070918088,4.623130262337293e-39,4.8355264718734695e-39,1.0,3.352451031767585e-39
747,2-S2.0-85098736399,2.53455235449819e-39,1.0,4.401683066020042e-39,3.2450625239540524e-39
748,2-S2.0-85121006468,0.059202890843153,0.17041882872581482,0.10381525754928589,0.2058238685131073
749,2-S2.0-85100446451,1.0,2.6737713569288607e-39,4.864894885088789e-39,1.911528050767055e-39
750,2-S2.0-85112505261,0.00021234872110653669,0.0004071998700965196,0.0003327046288177371,0.9990476965904236
751,2-S2.0-84857645157,0.10614871233701706,0.0923098772764206,0.12604950368404388,0.0812596008181572
752,2-S2.0-85074471804,0.0647219717502594,0.1940658539533615,0.11529351770877838,0.23780815303325653
753,2-S2.0-85108972057,0.0838836282491684,0.10760830342769623,0.7002851963043213,0.05843158811330795
754,2-S2.0-85094197510,4.7314828634942805e-39,4.44642232209054e-39,1.0,2.8927816952166507e-39
755,2-S2.0-85117217502,0.032909490168094635,0.0543099045753479,0.04060027748346329,0.07220780104398727
756,2-S2.0-85109602495,0.3121543228626251,0.09885367006063461,0.15590082108974457,0.06826713681221008
757,2-S2.0-84877692051,0.0968274250626564,0.08668269217014313,0.11245466768741608,0.07738255709409714
758,2-S2.0-85117368636,0.2411482036113739,0.07912706583738327,0.1753835678100586,0.052676208317279816
759,2-S2.0-85103841388,0.09721449762582779,0.10926447063684464,0.09309863299131393,0.05736872926354408
760,2-S2.0-85106276632,0.006135842762887478,0.006554996129125357,0.0061910138465464115,0.00648912787437439
761,2-S2.0-85112007685,0.052597545087337494,0.11715127527713776,0.08728152513504028,0.6989721655845642
762,2-S2.0-85118104811,0.30145230889320374,0.08250661194324493,0.17184802889823914,0.05495999753475189
763,2-S2.0-85115210878,0.00020521506667137146,0.0003719712549354881,0.0003116401785518974,0.9991112351417542
764,2-S2.0-84956623197,0.12164264917373657,0.09660430997610092,0.14377225935459137,0.0828830823302269
765,2-S2.0-85108154731,0.03228127211332321,0.05229846015572548,0.03939884528517723,0.06883645802736282
766,2-S2.0-70349979579,0.11916385591030121,0.09682515263557434,0.14436429738998413,0.08466306328773499
767,2-S2.0-85063957555,0.06274401396512985,0.1458255797624588,0.10825850069522858,0.16267859935760498
768,2-S2.0-85103972277,0.06308404356241226,0.2243848443031311,0.11546871066093445,0.18301230669021606
769,2-S2.0-85127403749,0.21494467556476593,0.13669270277023315,0.20144031941890717,0.08209828287363052
770,2-S2.0-85040922121,0.07229577749967575,0.6864229440689087,0.13988462090492249,0.08888712525367737
771,2-S2.0-85096085421,0.056286945939064026,0.11111754179000854,0.09605412930250168,0.387971967458725
772,2-S2.0-85058637738,1.0,2.2497832831750295e-39,3.6429962553606924e-39,1.549090610760227e-39
773,2-S2.0-85115049582,1.7383920203058664e-39,3.103898519254899e-39,2.63417346492397e-39,1.0
774,2-S2.0-85096837983,1.8309814150376644e-39,3.492307624999523e-39,2.8561839832238795e-39,1.0
775,2-S2.0-85061027377,0.13303828239440918,0.12168335169553757,0.2821100950241089,0.07198912650346756
776,2-S2.0-85102449056,0.12310463935136795,0.11689340323209763,0.1321084201335907,0.05777710676193237
777,2-S2.0-85101190742,0.58417809009552,0.09639391303062439,0.17021313309669495,0.06726979464292526
778,2-S2.0-85149886538,0.031677741557359695,0.05098658427596092,0.038445986807346344,0.06527476012706757
779,2-S2.0-85092895870,0.06497348845005035,0.49170777201652527,0.12143498659133911,0.09587368369102478
780,2-S2.0-27844524013,0.11159894615411758,0.08819450438022614,0.12383803725242615,0.07762978225946426
781,2-S2.0-85091993847,0.835502028465271,0.04725289344787598,0.08433651179075241,0.03290853649377823
782,2-S2.0-85113315228,0.057859744876623154,0.17555846273899078,0.1002894714474678,0.2265394777059555
783,2-S2.0-85138988421,0.26522353291511536,0.13778148591518402,0.2635341286659241,0.10012176632881165
784,2-S2.0-85097469074,1.8388581137056342e-39,3.440465187013362e-39,2.8074314083515548e-39,1.0
785,2-S2.0-85136955207,0.10035713762044907,0.10848041623830795,0.09474293142557144,0.05760369077324867
786,2-S2.0-85117099103,0.07155061513185501,0.15559130907058716,0.12641385197639465,0.4212919771671295
787,2-S2.0-84873188432,0.07582192122936249,0.5393345952033997,0.15406681597232819,0.08429849147796631
788,2-S2.0-85091631950,0.08161897212266922,0.1192348301410675,0.2762148082256317,0.0597081184387207
789,2-S2.0-85084572031,5.7569096394347876e-39,4.144889517238662e-39,1.0,2.8932637418883785e-39
790,2-S2.0-85075874161,0.09715191274881363,0.08974117785692215,0.11718720942735672,0.08078140020370483
791,2-S2.0-85086632164,0.0524904765188694,0.09951785206794739,0.09212806820869446,0.36269745230674744
792,2-S2.0-85115893594,0.6204177141189575,0.09431430697441101,0.17629149556159973,0.06454639136791229
793,2-S2.0-85099483182,0.034770943224430084,0.05848850682377815,0.04351799190044403,0.080048106610775
794,2-S2.0-85110486414,5.776282590704078e-39,4.162624350603157e-39,1.0,2.9421508414132783e-39
795,2-S2.0-85113784170,0.032526496797800064,0.05312906578183174,0.039909545332193375,0.07025069743394852
796,2-S2.0-85094833658,0.5710561871528625,0.06478086858987808,0.11242405325174332,0.046504102647304535
797,2-S2.0-85111996376,0.4409545361995697,0.08613739162683487,0.22827695310115814,0.06108029931783676
798,2-S2.0-85110034669,0.03295011818408966,0.05379810184240341,0.0403868742287159,0.07078707218170166
799,2-S2.0-85079532677,0.8277319073677063,0.053091734647750854,0.08220799267292023,0.036968376487493515
800,2-S2.0-85082943298,0.05165842920541763,0.1473257690668106,0.08365405350923538,0.18991486728191376
801,2-S2.0-85046395489,0.11079779267311096,0.09861314296722412,0.14193026721477509,0.08771433681249619
802,2-S2.0-85099911034,5.4431308873031745e-39,4.067485993964752e-39,1.0,2.8853141757002638e-39
803,2-S2.0-84871582791,0.5525920391082764,0.07846354693174362,0.1610446274280548,0.05940638482570648
804,2-S2.0-85124762136,0.06278611719608307,0.17196786403656006,0.11143974959850311,0.18163754045963287
